Complexity,Loss,Equation
1,0.010886489,"0.10156929"
5,0.010886488,"x1 - (x1 + -0.10156932)"
7,0.010886295,"x1 + (-1190.3733 - (x1 + -1190.4749))"
