Complexity,Loss,Equation
1,0.03874509,"-0.06994562"
7,0.014506596,"square(x1) - square(x1 + -0.09010399)"
