Complexity,Loss,Equation
1,0.0003387581,"-0.0016503038"
7,0.00027119488,"square(square(x0) + -0.3515036) + -0.12482187"
