Complexity,Loss,Equation
1,0.28513885,"0.44355667"
5,0.28513882,"x1 + (0.443562 - x1)"
7,0.24125281,"square(x1 + 0.28080836) - square(x1)"
