Complexity,Loss,Equation
1,0.16841707,"0.7593562"
5,0.16841537,"(x1 - -0.7593384) - x1"
7,0.16841528,"((x1 - -1057.4268) + -1056.6674) - x1"
