Complexity,Loss,Equation
1,0.010428843,"0.09036442"
5,0.010428841,"x1 + (0.09036083 - x1)"
