Complexity,Loss,Equation
1,0.27963215,"0.4216946"
7,0.22355087,"square(x1 - -0.2823402) - square(x1)"
