Complexity,Loss,Equation
1,0.20982394,"-0.58222"
7,0.2098239,"(x0 + -35.985157) - (x0 - 35.402893)"
